"Row ID","Order ID","Order Date","Ship Date","Ship Mode","Customer ID","Customer Name",Segment,Country,City,State,"Postal Code",Region,"Product ID",Category,Sub-Category,"Product Name",Sales,Quantity,Discount,Profit
3,CA-2016-138688,"2016-12-06 00:00:00",6/16/2016,"Second Class",DV-13045,"Darrin Van Huff",Corporate,"United States","Los Angeles",California,90036,West,OFF-LA-10000240,"Office Supplies",Labels,"Self-Adhesive Address Labels for Typewriters by Universal",14.62,2,0,6.8714
6,CA-2014-115812,"2014-09-06 00:00:00",6/14/2014,"Standard Class",BH-11710,"Brosina Hoffman",Consumer,"United States","Los Angeles",California,90032,West,FUR-FU-10001487,Furniture,Furnishings,"Eldon Expressions Wood and Plastic Desk Accessories, Cherry Wood",48.86,7,0,14.1694
7,CA-2014-115812,"2014-09-06 00:00:00",6/14/2014,"Standard Class",BH-11710,"Brosina Hoffman",Consumer,"United States","Los Angeles",California,90032,West,OFF-AR-10002833,"Office Supplies",Art,"Newell 322",7.28,4,0,1.9656
8,CA-2014-115812,"2014-09-06 00:00:00",6/14/2014,"Standard Class",BH-11710,"Brosina Hoffman",Consumer,"United States","Los Angeles",California,90032,West,TEC-PH-10002275,Technology,Phones,"Mitel 5320 IP Phone VoIP phone",907.152,6,0.2,90.7152
9,CA-2014-115812,"2014-09-06 00:00:00",6/14/2014,"Standard Class",BH-11710,"Brosina Hoffman",Consumer,"United States","Los Angeles",California,90032,West,OFF-BI-10003910,"Office Supplies",Binders,"DXL Angle-View Binders with Locking Rings by Samsill",18.504,3,0.2,5.7825
10,CA-2014-115812,"2014-09-06 00:00:00",6/14/2014,"Standard Class",BH-11710,"Brosina Hoffman",Consumer,"United States","Los Angeles",California,90032,West,OFF-AP-10002892,"Office Supplies",Appliances,"Belkin F5C206VTEL 6 Outlet Surge",114.9,5,0,34.47
11,CA-2014-115812,"2014-09-06 00:00:00",6/14/2014,"Standard Class",BH-11710,"Brosina Hoffman",Consumer,"United States","Los Angeles",California,90032,West,FUR-TA-10001539,Furniture,Tables,"Chromcraft Rectangular Conference Tables",1706.184,9,0.2,85.3092
12,CA-2014-115812,"2014-09-06 00:00:00",6/14/2014,"Standard Class",BH-11710,"Brosina Hoffman",Consumer,"United States","Los Angeles",California,90032,West,TEC-PH-10002033,Technology,Phones,"Konftel 250 ConferenceÂ phoneÂ - Charcoal black",911.424,4,0.2,68.3568
14,CA-2016-161389,"2016-05-12 00:00:00","2016-10-12 00:00:00","Standard Class",IM-15070,"Irene Maddox",Consumer,"United States",Seattle,Washington,98103,West,OFF-BI-10003656,"Office Supplies",Binders,"Fellowes PB200 Plastic Comb Binding Machine",407.976,3,0.2,132.5922
18,CA-2014-167164,5/13/2014,5/15/2014,"Second Class",AG-10270,"Alejandro Grove",Consumer,"United States","West Jordan",Utah,84084,West,OFF-ST-10000107,"Office Supplies",Storage,"Fellowes Super Stor/Drawer",55.5,2,0,9.99
19,CA-2014-143336,8/27/2014,"2014-01-09 00:00:00","Second Class",ZD-21925,"Zuschuss Donatelli",Consumer,"United States","San Francisco",California,94109,West,OFF-AR-10003056,"Office Supplies",Art,"Newell 341",8.56,2,0,2.4824
20,CA-2014-143336,8/27/2014,"2014-01-09 00:00:00","Second Class",ZD-21925,"Zuschuss Donatelli",Consumer,"United States","San Francisco",California,94109,West,TEC-PH-10001949,Technology,Phones,"Cisco SPA 501G IP Phone",213.48,3,0.2,16.011
21,CA-2014-143336,8/27/2014,"2014-01-09 00:00:00","Second Class",ZD-21925,"Zuschuss Donatelli",Consumer,"United States","San Francisco",California,94109,West,OFF-BI-10002215,"Office Supplies",Binders,"Wilson Jones Hanging View Binder, White, 1""",22.72,4,0.2,7.384
25,CA-2015-106320,9/25/2015,9/30/2015,"Standard Class",EB-13870,"Emily Burns",Consumer,"United States",Orem,Utah,84057,West,FUR-TA-10000577,Furniture,Tables,"Bretford CR4500 Series Slim Rectangular Table",1044.63,3,0,240.2649
26,CA-2016-121755,1/16/2016,1/20/2016,"Second Class",EH-13945,"Eric Hoffmann",Consumer,"United States","Los Angeles",California,90049,West,OFF-BI-10001634,"Office Supplies",Binders,"Wilson Jones Active Use Binders",11.648,2,0.2,4.2224
27,CA-2016-121755,1/16/2016,1/20/2016,"Second Class",EH-13945,"Eric Hoffmann",Consumer,"United States","Los Angeles",California,90049,West,TEC-AC-10003027,Technology,Accessories,"ImationÂ 8GB Mini TravelDrive USB 2.0Â Flash Drive",90.57,3,0,11.7741
43,CA-2016-101343,7/17/2016,7/22/2016,"Standard Class",RA-19885,"Ruben Ausman",Corporate,"United States","Los Angeles",California,90049,West,OFF-ST-10003479,"Office Supplies",Storage,"Eldon Base for stackable storage shelf, platinum",77.88,2,0,3.894
63,CA-2015-135545,11/24/2015,11/30/2015,"Standard Class",KM-16720,"Kunst Miller",Consumer,"United States","Los Angeles",California,90004,West,TEC-AC-10004633,Technology,Accessories,"Verbatim 25 GB 6x Blu-ray Single Layer Recordable Disc, 3/Pack",13.98,2,0,6.1512
64,CA-2015-135545,11/24/2015,11/30/2015,"Standard Class",KM-16720,"Kunst Miller",Consumer,"United States","Los Angeles",California,90004,West,OFF-BI-10001078,"Office Supplies",Binders,"Acco PRESSTEX Data Binder with Storage Hooks, Dark Blue, 14 7/8" X 11"""",25.824,6,0.2,9.3612
65,CA-2015-135545,11/24/2015,11/30/2015,"Standard Class",KM-16720,"Kunst Miller",Consumer,"United States","Los Angeles",California,90004,West,OFF-PA-10003892,"Office Supplies",Paper,"Xerox 1943",146.73,3,0,68.9631
66,CA-2015-135545,11/24/2015,11/30/2015,"Standard Class",KM-16720,"Kunst Miller",Consumer,"United States","Los Angeles",California,90004,West,FUR-FU-10000397,Furniture,Furnishings,"Luxo Economy Swing Arm Lamp",79.76,4,0,22.3328
68,CA-2014-106376,"2014-05-12 00:00:00","2014-10-12 00:00:00","Standard Class",BS-11590,"Brendan Sweed",Corporate,"United States",Gilbert,Arizona,85234,West,OFF-AR-10002671,"Office Supplies",Art,"Hunt BOSTON Model 1606 High-Volume Electric Pencil Sharpener, Beige",1113.024,8,0.2,111.3024
69,CA-2014-106376,"2014-05-12 00:00:00","2014-10-12 00:00:00","Standard Class",BS-11590,"Brendan Sweed",Corporate,"United States",Gilbert,Arizona,85234,West,TEC-PH-10002726,Technology,Phones,"netTALK DUO VoIP Telephone Service",167.968,4,0.2,62.988
82,CA-2014-139451,"2014-12-10 00:00:00",10/16/2014,"Standard Class",DN-13690,"Duane Noonan",Consumer,"United States","San Francisco",California,94122,West,OFF-AR-10002053,"Office Supplies",Art,"Premium Writing Pencils, Soft, #2 by Central Association for the Blind",14.9,5,0,4.172
83,CA-2014-139451,"2014-12-10 00:00:00",10/16/2014,"Standard Class",DN-13690,"Duane Noonan",Consumer,"United States","San Francisco",California,94122,West,OFF-ST-10002370,"Office Supplies",Storage,"Sortfiler Multipurpose Personal File Organizer, Black",21.39,1,0,6.2031
90,CA-2016-109806,9/17/2016,9/22/2016,"Standard Class",JS-15685,"Jim Sink",Corporate,"United States","Los Angeles",California,90036,West,OFF-AR-10004930,"Office Supplies",Art,"Turquoise Lead Holder with Pocket Clip",20.1,3,0,6.633
91,CA-2016-109806,9/17/2016,9/22/2016,"Standard Class",JS-15685,"Jim Sink",Corporate,"United States","Los Angeles",California,90036,West,TEC-PH-10004093,Technology,Phones,"Panasonic Kx-TS550",73.584,2,0.2,8.2782
92,CA-2016-109806,9/17/2016,9/22/2016,"Standard Class",JS-15685,"Jim Sink",Corporate,"United States","Los Angeles",California,90036,West,OFF-PA-10000304,"Office Supplies",Paper,"Xerox 1995",6.48,1,0,3.1104
96,US-2017-109484,"2017-06-11 00:00:00","2017-12-11 00:00:00","Standard Class",RB-19705,"Roger Barcio","Home Office","United States",Portland,Oregon,97206,West,OFF-BI-10004738,"Office Supplies",Binders,"Flexible Leather- Look Classic Collection Ring Binder",5.682,1,0.7,-3.788
98,CA-2017-157833,6/17/2017,6/20/2017,"First Class",KD-16345,"Katherine Ducich",Consumer,"United States","San Francisco",California,94122,West,OFF-BI-10001721,"Office Supplies",Binders,"Trimflex Flexible Post Binders",51.312,3,0.2,17.9592
104,US-2015-156867,11/13/2015,11/17/2015,"Standard Class",LC-16870,"Lena Cacioppo",Consumer,"United States",Aurora,Colorado,80013,West,TEC-AC-10001552,Technology,Accessories,"Logitech K350 2.4Ghz Wireless Keyboard",238.896,6,0.2,-26.8758
105,US-2015-156867,11/13/2015,11/17/2015,"Standard Class",LC-16870,"Lena Cacioppo",Consumer,"United States",Aurora,Colorado,80013,West,FUR-FU-10004006,Furniture,Furnishings,"Deflect-o DuraMat Lighweight, Studded, Beveled Mat for Low Pile Carpeting",102.36,3,0.2,-3.8385
118,CA-2015-110457,"2015-02-03 00:00:00","2015-06-03 00:00:00","Standard Class",DK-13090,"Dave Kipp",Consumer,"United States",Seattle,Washington,98103,West,FUR-TA-10001768,Furniture,Tables,"Hon Racetrack Conference Tables",787.53,3,0,165.3813
127,US-2017-107272,"2017-05-11 00:00:00","2017-12-11 00:00:00","Standard Class",TS-21610,"Troy Staebel",Consumer,"United States",Phoenix,Arizona,85023,West,OFF-BI-10003274,"Office Supplies",Binders,"Avery Durable Slant Ring Binders, No Labels",2.388,2,0.7,-1.8308
128,US-2017-107272,"2017-05-11 00:00:00","2017-12-11 00:00:00","Standard Class",TS-21610,"Troy Staebel",Consumer,"United States",Phoenix,Arizona,85023,West,OFF-ST-10002974,"Office Supplies",Storage,"Trav-L-File Heavy-Duty Shuttle II, Black",243.992,7,0.2,30.499
129,US-2016-125969,"2016-06-11 00:00:00","2016-10-11 00:00:00","Second Class",LS-16975,"Lindsay Shagiari","Home Office","United States","Los Angeles",California,90004,West,FUR-CH-10001146,Furniture,Chairs,"Global Task Chair, Black",81.424,2,0.2,-9.1602
130,US-2016-125969,"2016-06-11 00:00:00","2016-10-11 00:00:00","Second Class",LS-16975,"Lindsay Shagiari","Home Office","United States","Los Angeles",California,90004,West,FUR-FU-10003773,Furniture,Furnishings,"Eldon Cleatmat Plus Chair Mats for High Pile Carpets",238.56,3,0,26.2416
134,CA-2016-145583,10/13/2016,10/19/2016,"Standard Class",LC-16885,"Lena Creighton",Consumer,"United States",Roseville,California,95661,West,OFF-PA-10001804,"Office Supplies",Paper,"Xerox 195",20.04,3,0,9.6192
135,CA-2016-145583,10/13/2016,10/19/2016,"Standard Class",LC-16885,"Lena Creighton",Consumer,"United States",Roseville,California,95661,West,OFF-PA-10001736,"Office Supplies",Paper,"Xerox 1880",35.44,1,0,16.6568
136,CA-2016-145583,10/13/2016,10/19/2016,"Standard Class",LC-16885,"Lena Creighton",Consumer,"United States",Roseville,California,95661,West,OFF-AR-10001149,"Office Supplies",Art,"Sanford Colorific Colored Pencils, 12/Box",11.52,4,0,3.456
137,CA-2016-145583,10/13/2016,10/19/2016,"Standard Class",LC-16885,"Lena Creighton",Consumer,"United States",Roseville,California,95661,West,OFF-FA-10002988,"Office Supplies",Fasteners,"Ideal Clamps",4.02,2,0,1.9698
138,CA-2016-145583,10/13/2016,10/19/2016,"Standard Class",LC-16885,"Lena Creighton",Consumer,"United States",Roseville,California,95661,West,OFF-BI-10004781,"Office Supplies",Binders,"GBC Wire Binding Strips",76.176,3,0.2,26.6616
139,CA-2016-145583,10/13/2016,10/19/2016,"Standard Class",LC-16885,"Lena Creighton",Consumer,"United States",Roseville,California,95661,West,OFF-SU-10001218,"Office Supplies",Supplies,"Fiskars Softgrip Scissors",65.88,6,0,18.4464
140,CA-2016-145583,10/13/2016,10/19/2016,"Standard Class",LC-16885,"Lena Creighton",Consumer,"United States",Roseville,California,95661,West,FUR-FU-10001706,Furniture,Furnishings,"Longer-Life Soft White Bulbs",43.12,14,0,20.6976
142,CA-2017-106180,9/18/2017,9/23/2017,"Standard Class",SH-19975,"Sally Hughsby",Corporate,"United States","San Francisco",California,94122,West,OFF-AR-10000940,"Office Supplies",Art,"Newell 343",8.82,3,0,2.3814
143,CA-2017-106180,9/18/2017,9/23/2017,"Standard Class",SH-19975,"Sally Hughsby",Corporate,"United States","San Francisco",California,94122,West,OFF-EN-10004030,"Office Supplies",Envelopes,"Convenience Packs of Business Envelopes",10.86,3,0,5.1042
144,CA-2017-106180,9/18/2017,9/23/2017,"Standard Class",SH-19975,"Sally Hughsby",Corporate,"United States","San Francisco",California,94122,West,OFF-PA-10004327,"Office Supplies",Paper,"Xerox 1911",143.7,3,0,68.976
146,CA-2015-110744,"2015-07-09 00:00:00","2015-12-09 00:00:00","Standard Class",HA-14920,"Helen Andreada",Consumer,"United States",Pasadena,California,91104,West,OFF-ST-10003656,"Office Supplies",Storage,"Safco Industrial Wire Shelving",671.93,7,0,20.1579
152,CA-2016-158834,3/13/2016,3/16/2016,"First Class",TW-21025,"Tamara Willingham","Home Office","United States",Scottsdale,Arizona,85254,West,OFF-AP-10000326,"Office Supplies",Appliances,"Belkin 7 Outlet SurgeMaster Surge Protector with Phone Protection",157.92,5,0.2,17.766
153,CA-2016-158834,3/13/2016,3/16/2016,"First Class",TW-21025,"Tamara Willingham","Home Office","United States",Scottsdale,Arizona,85254,West,TEC-PH-10001254,Technology,Phones,"Jabra BIZ 2300 Duo QD Duo CordedÂ Headset",203.184,2,0.2,15.2388
154,CA-2015-124919,5/31/2015,"2015-02-06 00:00:00","First Class",SP-20650,"Stephanie Phelps",Corporate,"United States","San Jose",California,95123,West,OFF-PA-10001950,"Office Supplies",Paper,"Southworth 25% Cotton Antique Laid Paper & Envelopes",58.38,7,0,26.271
155,CA-2015-124919,5/31/2015,"2015-02-06 00:00:00","First Class",SP-20650,"Stephanie Phelps",Corporate,"United States","San Jose",California,95123,West,OFF-PA-10002254,"Office Supplies",Paper,"Xerox 1883",105.52,4,0,48.5392
156,CA-2015-124919,5/31/2015,"2015-02-06 00:00:00","First Class",SP-20650,"Stephanie Phelps",Corporate,"United States","San Jose",California,95123,West,OFF-ST-10001590,"Office Supplies",Storage,"Tenex Personal Project File with Scoop Front Design, Black",80.88,6,0,21.0288
157,CA-2015-118948,5/28/2015,"2015-03-06 00:00:00","Standard Class",NK-18490,"Neil Knudson","Home Office","United States",Seattle,Washington,98105,West,OFF-AR-10001547,"Office Supplies",Art,"Newell 311",6.63,3,0,1.7901
158,CA-2014-104269,"2014-01-03 00:00:00","2014-06-03 00:00:00","Second Class",DB-13060,"Dave Brooks",Consumer,"United States",Seattle,Washington,98115,West,FUR-CH-10004063,Furniture,Chairs,"Global Deluxe High-Back Manager's Chair",457.568,2,0.2,51.4764
161,CA-2016-162733,"2016-11-05 00:00:00","2016-12-05 00:00:00","First Class",TT-21070,"Ted Trevino",Consumer,"United States","Los Angeles",California,90045,West,OFF-PA-10002751,"Office Supplies",Paper,"Xerox 1920",5.98,1,0,2.691
163,CA-2016-154508,11/16/2016,11/20/2016,"Standard Class",RD-19900,"Ruben Dartt",Consumer,"United States",Carlsbad,"New Mexico",88220,West,OFF-EN-10001990,"Office Supplies",Envelopes,"Staple envelope",28.4,5,0,13.348
164,CA-2016-113817,"2016-07-11 00:00:00","2016-11-11 00:00:00","Standard Class",MJ-17740,"Max Jones",Consumer,"United States",Seattle,Washington,98115,West,OFF-BI-10004002,"Office Supplies",Binders,"Wilson Jones International Size A4 Ring Binders",27.68,2,0.2,9.688
